Ticker,Companies,CEO Pay,,,,,,,,,,,,,,,,
A,Agilent Technologies,15967631,,,,,,,,,,,,,,,,
AAL,American Airlines,7238011,,,,,,,,,,,,,,,,
AAP,Advance Auto Parts,10052271,,,,,,,,,,,,,,,,
AAPL,Apple,98734394,,,,,,,,,,,,,,,,
ABBV,AbbVie,23912154,,,,,,,,,,,,,,,,
ABC,AmerisourceBergen,14873815,,,,,,,,,,,,,,,,
ABT,Abbott Laboratories,24914886,,,,,,,,,,,,,,,,
ACN,Accenture,23085391,,,,,,,,,,,,,,,,
ADBE,Adobe,36128725,,,,,,,,,,,,,,,,
ADI,Analog Devices,30824323,,,,,,,,,,,,,,,,
ADM,Archer-Daniels-Midland Company,23508841,,,,,,,,,,,,,,,,
ADP,Automatic Data Processing,16985259,,,,,,,,,,,,,,,,
ADSK,Autodesk,22095521,,,,,,,,,,,,,,,,
AEE,Ameren,9807836,,,,,,,,,,,,,,,,
AEP,American Electric Power Company,15051215,,,,,,,,,,,,,,,,
AES,The AES,14379190,,,,,,,,,,,,,,,,
AFL,Aflac,15728233,,,,,,,,,,,,,,,,
AIG,American International Group,21905220,,,,,,,,,,,,,,,,
AIZ,Assurant,11504780,,,,,,,,,,,,,,,,
AJG,Arthur J Gallagher & Co,13882255,,,,,,,,,,,,,,,,
AKAM,Akamai,11951574,,,,,,,,,,,,,,,,
ALB,Albemarle,9040753,,,,,,,,,,,,,,,,
ALGN,Align Technology,21591400,,,,,,,,,,,,,,,,
ALK,Alaska Air Group,5130162,,,,,,,,,,,,,,,,
ALL,The Allstate,19066920,,,,,,,,,,,,,,,,
ALLE,Allegion,7688243,,,,,,,,,,,,,,,,
AMAT,Applied Materials,35265559,,,,,,,,,,,,,,,,
AMCR,Amcor,10991148,,,,,,,,,,,,,,,,
AMD,Advanced Micro Devices,29498107,,,,,,,,,,,,,,,,
AME,AMETEK,12919431,,,,,,,,,,,,,,,,
AMGN,Amgen,21721154,,,,,,,,,,,,,,,,
AMP,Ameriprise Financial,21229464,,,,,,,,,,,,,,,,
AMT,American Tower,16114574,,,,,,,,,,,,,,,,
AMZN,Amazon,212701169,,,,,,,,,,,,,,,,
ANET,Arista Networks,15993632,,,,,,,,,,,,,,,,
ANSS,ANSYS,18260634,,,,,,,,,,,,,,,,
AON,Aon,19868384,,,,,,,,,,,,,,,,
AOS,A.O. Smith,6897982,,,,,,,,,,,,,,,,
APA,APA,15040707,,,,,,,,,,,,,,,,
APD,Air Products and Chemicals,13819010,,,,,,,,,,,,,,,,
APH,Amphenol,13092697,,,,,,,,,,,,,,,,
APTV,Aptiv,14744780,,,,,,,,,,,,,,,,
ARE,Alexandria Real Estate Equities,8320228,,,,,,,,,,,,,,,,
ATO,Atmos Energy,6467314,,,,,,,,,,,,,,,,
ATVI,Activision Blizzard,826549,,,,,,,,,,,,,,,,
AVB,AvalonBay Communities,14371460,,,,,,,,,,,,,,,,
AVGO,Broadcom,60703627,,,,,,,,,,,,,,,,
AVY,Avery Dennison,12433721,,,,,,,,,,,,,,,,
AWK,American Water Works Company,7398128,,,,,,,,,,,,,,,,
AXP,American Express Company,25513922,,,,,,,,,,,,,,,,
AZO,AutoZone,14838996,,,,,,,,,,,,,,,,
BA,The Boeing Company,21093605,,,,,,,,,,,,,,,,
BAC,Bank of America,23729169,,,,,,,,,,,,,,,,
BAX,Baxter International,15634734,,,,,,,,,,,,,,,,
BBWI,Bath & Body Works,17668627,,,,,,,,,,,,,,,,
BBY,Best Buy Co,15631157,,,,,,,,,,,,,,,,
BDX,Becton Dickinson and Company,14189333,,,,,,,,,,,,,,,,
BEN,Franklin Resources,9862161,,,,,,,,,,,,,,,,
BF.B,Brown-Forman,8364936,,,,,,,,,,,,,,,,
BIIB,Biogen,17689665,,,,,,,,,,,,,,,,
BIO,Bio-Rad Laboratories,8695925,,,,,,,,,,,,,,,,
BK,The Bank of New York Mellon,14128042,,,,,,,,,,,,,,,,
BKNG,Booking Holdings,53982195,,,,,,,,,,,,,,,,
BKR,Baker Hughes Company,15646452,,,,,,,,,,,,,,,,
BLK,BlackRock,32587335,,,,,,,,,,,,,,,,
BMY,Bristol-Myers Squibb Company,19784806,,,,,,,,,,,,,,,,
BR,Broadridge Financial Solutions,10253156,,,,,,,,,,,,,,,,
BRK.B,Berkshire Hathaway,373204,,,,,,,,,,,,,,,,
BRO,Brown & Brown,9201035,,,,,,,,,,,,,,,,
BSX,Boston Scientific,16064039,,,,,,,,,,,,,,,,
BWA,BorgWarner,17592090,,,,,,,,,,,,,,,,
BXP,Boston Properties,12894537,,,,,,,,,,,,,,,,
C,Citigroup,20541324,,,,,,,,,,,,,,,,
CAG,Conagra Brands,11770023,,,,,,,,,,,,,,,,
CAH,Cardinal Health,12482378,,,,,,,,,,,,,,,,
CARR,Carrier Global,14892815,,,,,,,,,,,,,,,,
CAT,Caterpillar,24298032,,,,,,,,,,,,,,,,
CB,Chubb Limited,23181184,,,,,,,,,,,,,,,,
CBOE,Cboe Global Markets,10646558,,,,,,,,,,,,,,,,
CBRE,CBRE Group,13908085,,,,,,,,,,,,,,,,
CCI,Crown Castle International,14553510,,,,,,,,,,,,,,,,
CCL,Carnival,15063788,,,,,,,,,,,,,,,,
CDAY,Ceridian HCM Holding,10626701,,,,,,,,,,,,,,,,
CDNS,Cadence Design Systems,21735794,,,,,,,,,,,,,,,,
CDW,CDW,8943903,,,,,,,,,,,,,,,,
CE,Celanese,12570992,,,,,,,,,,,,,,,,
CEG,Constellation Energy,15757378,,,,,,,,,,,,,,,,
CF,CF Industries Holdings,11685670,,,,,,,,,,,,,,,,
CFG,Citizens Financial Group,12430076,,,,,,,,,,,,,,,,
CHD,Church & Dwight Co,8889526,,,,,,,,,,,,,,,,
CHRW,C H Robinson Worldwide,10233276,,,,,,,,,,,,,,,,
CHTR,Charter Communications,41860263,,,,,,,,,,,,,,,,
CI,Cigna,19872266,,,,,,,,,,,,,,,,
CINF,Cincinnati Financial,6490767,,,,,,,,,,,,,,,,
CL,Colgate-Palmolive Company,15458151,,,,,,,,,,,,,,,,
CLX,The Clorox Company,7899309,,,,,,,,,,,,,,,,
CMA,Comerica orporated,7696094,,,,,,,,,,,,,,,,
CMCSA,Comcast,33978581,,,,,,,,,,,,,,,,
CME,CME Group,22924737,,,,,,,,,,,,,,,,
CMG,Chipotle Mexican Grill,17880580,,,,,,,,,,,,,,,,
CMI,Cummins,15645919,,,,,,,,,,,,,,,,
CMS,CMS Energy,6871068,,,,,,,,,,,,,,,,
CNC,Centene,20637990,,,,,,,,,,,,,,,,
CNP,CenterPoint Energy,37809810,,,,,,,,,,,,,,,,
COF,Capital One Financial,20457553,,,,,,,,,,,,,,,,
COO,The Cooper Companies,10994906,,,,,,,,,,,,,,,,
COP,ConocoPhillips,23886640,,,,,,,,,,,,,,,,
COST,Costco Wholesale,8752252,,,,,,,,,,,,,,,,
CPB,Campbell Soup Company,9903652,,,,,,,,,,,,,,,,
CPRT,Copart,490647,,,,,,,,,,,,,,,,
CPT,Camden Property Trust,4285423,,,,,,,,,,,,,,,,
CRL,Charles River Laboratories International,13705581,,,,,,,,,,,,,,,,
CRM,Salesforce,28602112,,,,,,,,,,,,,,,,
CSCO,Cisco Systems,25446695,,,,,,,,,,,,,,,,
CSX,CSX,20006806,,,,,,,,,,,,,,,,
CTAS,Cintas,9035393,,,,,,,,,,,,,,,,
CTLT,Catalent,12581139,,,,,,,,,,,,,,,,
CTRA,Coterra Energy,11061939,,,,,,,,,,,,,,,,
CTSH,Cognizant Technology Solutions,19687285,,,,,,,,,,,,,,,,
CTVA,Corteva,792786,,,,,,,,,,,,,,,,
CVS,CVS Health,20388412,,,,,,,,,,,,,,,,
CVX,Chevron,22610285,,,,,,,,,,,,,,,,
CZR,Caesars Entertainment,22576517,,,,,,,,,,,,,,,,
D,Dominion Energy,8161083,,,,,,,,,,,,,,,,
DAL,Delta Air Lines,12360420,,,,,,,,,,,,,,,,
DD,DuPont de Nemours,15106986,,,,,,,,,,,,,,,,
DE,Deere & Company,19912826,,,,,,,,,,,,,,,,
DFS,Discover Financial Services,12087218,,,,,,,,,,,,,,,,
DG,Dollar General,16618873,,,,,,,,,,,,,,,,
DGX,Quest Diagnostics orporated,14557818,,,,,,,,,,,,,,,,
DHI,D R Horton,30571596,,,,,,,,,,,,,,,,
DHR,Danaher,17152267,,,,,,,,,,,,,,,,
DIS,The Walt Disney Company,32464293,,,,,,,,,,,,,,,,
DISH,DISH Network,2895882,,,,,,,,,,,,,,,,
DLR,Digital Realty Trust,17139601,,,,,,,,,,,,,,,,
DLTR,Dollar Tree,10249698,,,,,,,,,,,,,,,,
DOV,Dover,14085860,,,,,,,,,,,,,,,,
DOW,Dow,24858892,,,,,,,,,,,,,,,,
DPZ,Domino's Pizza,7138003,,,,,,,,,,,,,,,,
DRI,Darden Restaurants,10128186,,,,,,,,,,,,,,,,
DTE,DTE Energy Company,11128277,,,,,,,,,,,,,,,,
DUK,Duke Energy,16451236,,,,,,,,,,,,,,,,
DVA,DaVita,3298439,,,,,,,,,,,,,,,,
DVN,Devon Energy,11914547,,,,,,,,,,,,,,,,
DXC,DXC Technology Co,28716680,,,,,,,,,,,,,,,,
DXCM,DexCom,11985324,,,,,,,,,,,,,,,,
EA,Electronic Arts,19858539,,,,,,,,,,,,,,,,
EBAY,eBay,21685102,,,,,,,,,,,,,,,,
ECL,Ecolab,8365889,,,,,,,,,,,,,,,,
ED,Consolidated Edison,10342198,,,,,,,,,,,,,,,,
EFX,Equifax,16065575,,,,,,,,,,,,,,,,
EIX,Edison International,14364340,,,,,,,,,,,,,,,,
EL,The Estee Lauder Companies,65996985,,,,,,,,,,,,,,,,
ELV,Elevance Health,19348241,,,,,,,,,,,,,,,,
EMN,Eastman Chemical Company,17798861,,,,,,,,,,,,,,,,
EMR,Emerson Electric Co,15806036,,,,,,,,,,,,,,,,
ENPH,Enphase Energy,19019162,,,,,,,,,,,,,,,,
EOG,EOG Resources,9752887,,,,,,,,,,,,,,,,
EPAM,EPAM Systems,5921524,,,,,,,,,,,,,,,,
EQIX,Equinix,23248193,,,,,,,,,,,,,,,,
EQR,Equity Residential,8490527,,,,,,,,,,,,,,,,
ES,Eversource Energy,6467078,,,,,,,,,,,,,,,,
ESS,Essex Property Trust,7183068,,,,,,,,,,,,,,,,
ETN,Eaton,19367607,,,,,,,,,,,,,,,,
ETR,Entergy,17045744,,,,,,,,,,,,,,,,
ETSY,Etsy,40584292,,,,,,,,,,,,,,,,
EVRG,Evergy,11138082,,,,,,,,,,,,,,,,
EW,Edwards Lifesciences,13613305,,,,,,,,,,,,,,,,
EXC,Exelon,15757378,,,,,,,,,,,,,,,,
EXPD,Expeditors International of Washington,13026304,,,,,,,,,,,,,,,,
EXPE,Expedia Group,296247749,,,,,,,,,,,,,,,,
EXR,Extra Space Storage,7315982,,,,,,,,,,,,,,,,
F,Ford Motor Company,22813174,,,,,,,,,,,,,,,,
FANG,Diamondback Energy,13839995,,,,,,,,,,,,,,,,
FAST,Fastenal Company,2423614,,,,,,,,,,,,,,,,
FCX,Freeport-McMoRan,19111894,,,,,,,,,,,,,,,,
FDS,FactSet Research Systems,5468745,,,,,,,,,,,,,,,,
FDX,FedEx,14325537,,,,,,,,,,,,,,,,
FE,FirstEnergy,10714062,,,,,,,,,,,,,,,,
FFIV,F5,11469726,,,,,,,,,,,,,,,,
FISV,Fiserv,20385208,,,,,,,,,,,,,,,,
FITB,Fifth Third Bancorp,10531649,,,,,,,,,,,,,,,,
FLT,FLEETCOR Technologies,57923473,,,,,,,,,,,,,,,,
FMC,FMC,8489671,,,,,,,,,,,,,,,,
FOX,Fox,27675399,,,,,,,,,,,,,,,,
FRC,First Republic Bank,23458948,,,,,,,,,,,,,,,,
FRT,Federal Realty Investment Trust,7520917,,,,,,,,,,,,,,,,
FTNT,Fortinet,14203211,,,,,,,,,,,,,,,,
FTV,Fortive,16598719,,,,,,,,,,,,,,,,
GD,General Dynamics,23553862,,,,,,,,,,,,,,,,
GE,General Electric Company,22663449,,,,,,,,,,,,,,,,
GILD,Gilead Sciences,19229466,,,,,,,,,,,,,,,,
GIS,General Mills,15572682,,,,,,,,,,,,,,,,
GL,Globe Life,8353754,,,,,,,,,,,,,,,,
GLW,Corning orporated,20766032,,,,,,,,,,,,,,,,
GM,General Motors Company,29136780,,,,,,,,,,,,,,,,
GNRC,Generac Holdings,7519813,,,,,,,,,,,,,,,,
GOOGL,Alphabet,6322599,,,,,,,,,,,,,,,,
GPC,Genuine Parts Company,11810704,,,,,,,,,,,,,,,,
GPN,Global Payments,23318393,,,,,,,,,,,,,,,,
GRMN,Garmin Ltd,4238341,,,,,,,,,,,,,,,,
GS,The Goldman Sachs Group,39545072,,,,,,,,,,,,,,,,
GWW,W W Grainger,9015594,,,,,,,,,,,,,,,,
HAL,Halliburton Company,23591982,,,,,,,,,,,,,,,,
HAS,Hasbro,3130233,,,,,,,,,,,,,,,,
HBAN,Huntington Bancshares orporated,9619178,,,,,,,,,,,,,,,,
HCA,HCA Healthcare,20635260,,,,,,,,,,,,,,,,
HD,The Home Depot,13059751,,,,,,,,,,,,,,,,
HES,Hess,12408198,,,,,,,,,,,,,,,,
HIG,The Hartford Financial Services Group,15824348,,,,,,,,,,,,,,,,
HII,Huntington Ingalls Industries,7714066,,,,,,,,,,,,,,,,
HLT,Hilton Worldwide Holdings,23285248,,,,,,,,,,,,,,,,
HOLX,Hologic,14748400,,,,,,,,,,,,,,,,
HON,Honeywell International,26100120,,,,,,,,,,,,,,,,
HPE,Hewlett Packard Enterprise Company,19052415,,,,,,,,,,,,,,,,
HPQ,HP,20733806,,,,,,,,,,,,,,,,
HRL,Hormel Foods,9957474,,,,,,,,,,,,,,,,
HSIC,Henry Schein,10786180,,,,,,,,,,,,,,,,
HST,Host Hotels & Resorts,11520730,,,,,,,,,,,,,,,,
HSY,The Hershey Company,16144570,,,,,,,,,,,,,,,,
HUM,Humana,16528036,,,,,,,,,,,,,,,,
HWM,Howmet Aerospace,17189000,,,,,,,,,,,,,,,,
IBM,International Business Machines,17550959,,,,,,,,,,,,,,,,
ICE,Intercontinental Exchange,14788386,,,,,,,,,,,,,,,,
IDXX,IDEXX Laboratories,9065021,,,,,,,,,,,,,,,,
IEX,IDEX,6719772,,,,,,,,,,,,,,,,
IFF,International Flavors & Fragrances,9767380,,,,,,,,,,,,,,,,
ILMN,Illumina,14333634,,,,,,,,,,,,,,,,
INCY,Incyte,14444265,,,,,,,,,,,,,,,,
INTC,Intel,178590400,,,,,,,,,,,,,,,,
INTU,Intuit,24929237,,,,,,,,,,,,,,,,
INVH,IPG Photonics,7284851,,,,,,,,,,,,,,,,
IP,International Paper Company,15228707,,,,,,,,,,,,,,,,
IPG,The Interpublic Group of Companies,17371647,,,,,,,,,,,,,,,,
IQV,IQVIA Holdings,28615851,,,,,,,,,,,,,,,,
IR,Ingersoll Rand,10613486,,,,,,,,,,,,,,,,
IRM,Iron Mountain orporated,17046118,,,,,,,,,,,,,,,,
ISRG,Intuitive Surgical,8059409,,,,,,,,,,,,,,,,
IT,Gartner,14096168,,,,,,,,,,,,,,,,
ITW,Illinois Tool Works,20787622,,,,,,,,,,,,,,,,
IVZ,Invesco Ltd,12897752,,,,,,,,,,,,,,,,
J,Jacobs Engineering Group,16275230,,,,,,,,,,,,,,,,
JBHT,J B Hunt Transport Services,8801881,,,,,,,,,,,,,,,,
JCI,Johnson Controls International,15667017,,,,,,,,,,,,,,,,
JKHY,Jack Henry & Associates,8692656,,,,,,,,,,,,,,,,
JNJ,Johnson & Johnson,26741959,,,,,,,,,,,,,,,,
JNPR,Juniper Networks,11870290,,,,,,,,,,,,,,,,
JPM,JPMorgan Chase & Co,84428145,,,,,,,,,,,,,,,,
K,Kellogg Company,10678337,,,,,,,,,,,,,,,,
KEY,KeyCorp,8653484,,,,,,,,,,,,,,,,
KEYS,Keysight Technologies,18566410,,,,,,,,,,,,,,,,
KHC,The Kraft Heinz Company,8605599,,,,,,,,,,,,,,,,
KIM,Kimco Realty,10488138,,,,,,,,,,,,,,,,
KLAC,KLA,13710388,,,,,,,,,,,,,,,,
KMB,Kimberly-Clark,12009162,,,,,,,,,,,,,,,,
KMI,Kinder Morgan,18000259,,,,,,,,,,,,,,,,
KMX,CarMax,13689123,,,,,,,,,,,,,,,,
KO,The Coca-Cola Company,24883878,,,,,,,,,,,,,,,,
KR,The Kroger Co,18168730,,,,,,,,,,,,,,,,
L,Loews,6119523,,,,,,,,,,,,,,,,
LDOS,Leidos Holdings,12876007,,,,,,,,,,,,,,,,
LEN,Lennar,34045217,,,,,,,,,,,,,,,,
LH,Laboratory of America Holdings,20551605,,,,,,,,,,,,,,,,
LHX,L3Harris Technologies,15697749,,,,,,,,,,,,,,,,
LIN,Linde,31426032,,,,,,,,,,,,,,,,
LKQ,LKQ,9445636,,,,,,,,,,,,,,,,
LLY,Eli Lilly and Company,21509985,,,,,,,,,,,,,,,,
LMT,Lockheed Martin,18111211,,,,,,,,,,,,,,,,
LNC,Lincoln National,16760924,,,,,,,,,,,,,,,,
LNT,Alliant Energy,10449260,,,,,,,,,,,,,,,,
LOW,Lowes Companies,17871715,,,,,,,,,,,,,,,,
LRCX,Lam Research,15495736,,,,,,,,,,,,,,,,
LUMN,Lumen Technologies,22654781,,,,,,,,,,,,,,,,
LUV,Southwest Airlines Co,5819756,,,,,,,,,,,,,,,,
LVS,Las Vegas Sands,31204900,,,,,,,,,,,,,,,,
LW,Lamb Weston Holdings,6407381,,,,,,,,,,,,,,,,
LYB,LyondellBasell Industries NV,19011033,,,,,,,,,,,,,,,,
LYV,Live Nation Entertainment,13842464,,,,,,,,,,,,,,,,
MA,Mastercard orporated,16120055,,,,,,,,,,,,,,,,
MAA,Mid-America Apartment Communities,7667655,,,,,,,,,,,,,,,,
MAR,Marriott International,18391882,,,,,,,,,,,,,,,,
MAS,Masco,13410774,,,,,,,,,,,,,,,,
MCD,McDonald's,20028132,,,,,,,,,,,,,,,,
MCHP,Microchip Technology orporated,3891467,,,,,,,,,,,,,,,,
MCK,McKesson,18152082,,,,,,,,,,,,,,,,
MCO,Moodys,9750157,,,,,,,,,,,,,,,,
MDLZ,Mondelez International,16128320,,,,,,,,,,,,,,,,
MDT,Medtronic,16471649,,,,,,,,,,,,,,,,
MET,MetLife,16621373,,,,,,,,,,,,,,,,
MGM,MGM Resorts International,13274524,,,,,,,,,,,,,,,,
MHK,Mohawk Industries,5190696,,,,,,,,,,,,,,,,
MKC,McCormick & Company orporated,12718656,,,,,,,,,,,,,,,,
MKTX,MarketAxess Holdings,5742184,,,,,,,,,,,,,,,,
MLM,Martin Marietta Materials,14939587,,,,,,,,,,,,,,,,
MMC,Marsh & McLennan Companies,21519703,,,,,,,,,,,,,,,,
MMM,3M Company,18200584,,,,,,,,,,,,,,,,
MNST,Monster Beverage,16707577,,,,,,,,,,,,,,,,
MO,Altria Group,12626972,,,,,,,,,,,,,,,,
MOH,Molina Healthcare,19961698,,,,,,,,,,,,,,,,
MOS,The Mosaic Company,12297011,,,,,,,,,,,,,,,,
MPC,Marathon Petroleum,21185206,,,,,,,,,,,,,,,,
MPWR,Monolithic Power Systems,20254831,,,,,,,,,,,,,,,,
MRK,Merck & Co,13722121,,,,,,,,,,,,,,,,
MRNA,Moderna,18155739,,,,,,,,,,,,,,,,
MRO,Marathon Oil,12997292,,,,,,,,,,,,,,,,
MS,Morgan Stanley,34941635,,,,,,,,,,,,,,,,
MSCI,MSCI,10338312,,,,,,,,,,,,,,,,
MSFT,Microsoft,49858280,,,,,,,,,,,,,,,,
MSI,Motorola Solutions,19980639,,,,,,,,,,,,,,,,
MTB,M&T Bank,6868174,,,,,,,,,,,,,,,,
MTCH,Match Group,25397675,,,,,,,,,,,,,,,,
MTD,Mettler-Toledo International,11811322,,,,,,,,,,,,,,,,
MU,Micron Technology,25316709,,,,,,,,,,,,,,,,
NCLH,Norwegian Cruise Line Holdings Ltd,19668768,,,,,,,,,,,,,,,,
NDAQ,Nasdaq,19965893,,,,,,,,,,,,,,,,
NDSN,Nordson,10308750,,,,,,,,,,,,,,,,
NEE,NextEra Energy,25335936,,,,,,,,,,,,,,,,
NEM,Newmont,12667105,,,,,,,,,,,,,,,,
NFLX,Netflix,40823725,,,,,,,,,,,,,,,,
NI,NiSource,9535782,,,,,,,,,,,,,,,,
NKE,NIKE,32920708,,,,,,,,,,,,,,,,
NOC,Northrop Grumman,19876767,,,,,,,,,,,,,,,,
NOW,ServiceNow,165802037,,,,,,,,,,,,,,,,
NRG,NRG Energy,10854224,,,,,,,,,,,,,,,,
NSC,Norfolk Southern,14016942,,,,,,,,,,,,,,,,
NTAP,NetApp,14358852,,,,,,,,,,,,,,,,
NTRS,Northern Trust,10449233,,,,,,,,,,,,,,,,
NUE,Nucor,11618019,,,,,,,,,,,,,,,,
NVDA,NVIDIA,23737661,,,,,,,,,,,,,,,,
NVR,NVR,4162400,,,,,,,,,,,,,,,,
NWL,Newell Brands,11438798,,,,,,,,,,,,,,,,
NWS,News,23024845,,,,,,,,,,,,,,,,
O,Realty Income,12861011,,,,,,,,,,,,,,,,
ODFL,Old Dominion Freight Line,10577833,,,,,,,,,,,,,,,,
OGN,Organon & Co,16787623,,,,,,,,,,,,,,,,
OKE,ONEOK,7246578,,,,,,,,,,,,,,,,
OMC,Omnicom Group,19981715,,,,,,,,,,,,,,,,
ORCL,Oracle,10631223,,,,,,,,,,,,,,,,
ORLY,O'Reilly Automotive,12764270,,,,,,,,,,,,,,,,
OTIS,Otis Worldwide,13770306,,,,,,,,,,,,,,,,
OXY,Occidental Petroleum,11068539,,,,,,,,,,,,,,,,
PARA,Paramount Global,20035212,,,,,,,,,,,,,,,,
PAYC,Paycom Software,2958410,,,,,,,,,,,,,,,,
PAYX,Paychex,9627247,,,,,,,,,,,,,,,,
PCAR,PACCAR,11935763,,,,,,,,,,,,,,,,
PEAK,Healthpeak Properties,11713883,,,,,,,,,,,,,,,,
PEG,Public Service Enterprise Group orporated,14208674,,,,,,,,,,,,,,,,
PEP,PepsiCo,25506607,,,,,,,,,,,,,,,,
PFE,Pfizer,24353219,,,,,,,,,,,,,,,,
PFG,Principal Financial Group,17566163,,,,,,,,,,,,,,,,
PG,The Procter & Gamble Company,23900381,,,,,,,,,,,,,,,,
PGR,The Progressive,14462961,,,,,,,,,,,,,,,,
PH,Parker-Hannifin,17034500,,,,,,,,,,,,,,,,
PHM,PulteGroup,16149555,,,,,,,,,,,,,,,,
PKG,Packaging of America,12157313,,,,,,,,,,,,,,,,
PKI,PerkinElmer,9661006,,,,,,,,,,,,,,,,
PLD,Prologis,24901490,,,,,,,,,,,,,,,,
PM,Philip Morris International,10557568,,,,,,,,,,,,,,,,
PNC,The PNC Financial Services Group,17506270,,,,,,,,,,,,,,,,
PNR,Pentair,9429546,,,,,,,,,,,,,,,,
PNW,Pinnacle West Capital,8100157,,,,,,,,,,,,,,,,
POOL,Pool,5575384,,,,,,,,,,,,,,,,
PPG,PPG Industries,13418214,,,,,,,,,,,,,,,,
PPL,PPL,11356481,,,,,,,,,,,,,,,,
PRU,Prudential Financial,19799737,,,,,,,,,,,,,,,,
PSA,Public Storage,10358153,,,,,,,,,,,,,,,,
PSX,Phillips 66,20953206,,,,,,,,,,,,,,,,
PTC,PTC,13048375,,,,,,,,,,,,,,,,
PWR,Quanta Services,10967217,,,,,,,,,,,,,,,,
PXD,Pioneer Natural Resources Company,16002825,,,,,,,,,,,,,,,,
PYPL,PayPal Holdings,32070353,,,,,,,,,,,,,,,,
QCOM,QUALCOMM orporated,20638924,,,,,,,,,,,,,,,,
QRVO,Qorvo,10072684,,,,,,,,,,,,,,,,
RCL,Royal Caribbean Group,15812027,,,,,,,,,,,,,,,,
RE,Everest Re Group Ltd,8866126,,,,,,,,,,,,,,,,
REG,Regency Centers,7026315,,,,,,,,,,,,,,,,
REGN,Regeneron Pharmaceuticals,6470514,,,,,,,,,,,,,,,,
RF,Regions Financial,13444577,,,,,,,,,,,,,,,,
RHI,Robert Half International,8971474,,,,,,,,,,,,,,,,
RJF,Raymond James Financial,13901046,,,,,,,,,,,,,,,,
RL,Ralph Lauren,18553058,,,,,,,,,,,,,,,,
RMD,ResMed,10389315,,,,,,,,,,,,,,,,
ROK,Rockwell Automation,13583470,,,,,,,,,,,,,,,,
ROL,Rollins,8393601,,,,,,,,,,,,,,,,
ROP,Roper Technologies,21532055,,,,,,,,,,,,,,,,
ROST,Ross Stores,15989635,,,,,,,,,,,,,,,,
RSG,Republic Services,7925408,,,,,,,,,,,,,,,,
RTX,Raytheon Technologies,23316063,,,,,,,,,,,,,,,,
SBAC,SBA Communications,9995179,,,,,,,,,,,,,,,,
SBNY,Signature Bank,8975851,,,,,,,,,,,,,,,,
SBUX,Starbucks,20425162,,,,,,,,,,,,,,,,
SCHW,The Charles Schwab,21938404,,,,,,,,,,,,,,,,
SEDG,SolarEdge Technologies,7361336,,,,,,,,,,,,,,,,
SEE,Sealed Air,9674692,,,,,,,,,,,,,,,,
SHW,The Sherwin-Williams Company,15843760,,,,,,,,,,,,,,,,
SIVB,SVB Financial Group,9922132,,,,,,,,,,,,,,,,
SJM,The J M Smucker Company,12450437,,,,,,,,,,,,,,,,
SLB,Schlumberger NV,16795502,,,,,,,,,,,,,,,,
SNA,Snap-on orporated,9872946,,,,,,,,,,,,,,,,
SNPS,Synopsys,9976485,,,,,,,,,,,,,,,,
SO,The Southern Company,21243559,,,,,,,,,,,,,,,,
SPG,Simon Property Group,10475192,,,,,,,,,,,,,,,,
SPGI,S&P Global,16143770,,,,,,,,,,,,,,,,
SRE,Sempra Energy,24675982,,,,,,,,,,,,,,,,
STE,STERIS (Ireland),5903168,,,,,,,,,,,,,,,,
STT,State Street,14113660,,,,,,,,,,,,,,,,
STX,Seagate Technology Holdings,11641189,,,,,,,,,,,,,,,,
STZ,Constellation Brands,12040281,,,,,,,,,,,,,,,,
SWK,Stanley Black & Decker,13167893,,,,,,,,,,,,,,,,
SWKS,Skyworks Solutions,16150421,,,,,,,,,,,,,,,,
SYF,Synchrony Financial,8880347,,,,,,,,,,,,,,,,
SYK,Stryker,16359898,,,,,,,,,,,,,,,,
SYY,Sysco,23197124,,,,,,,,,,,,,,,,
T,AT&T,24820879,,,,,,,,,,,,,,,,
TAP,Molson Coors Beverage Company,8234680,,,,,,,,,,,,,,,,
TDG,TransDigm Group orporated,21484504,,,,,,,,,,,,,,,,
TDY,Teledyne Technologies orporated,6567058,,,,,,,,,,,,,,,,
TECH,Bio-Techne,15889897,,,,,,,,,,,,,,,,
TEL,TE Connectivity Ltd,14715856,,,,,,,,,,,,,,,,
TER,Teradyne,10954713,,,,,,,,,,,,,,,,
TFC,Truist Financial,10395426,,,,,,,,,,,,,,,,
TFX,Teleflex orporated,8673634,,,,,,,,,,,,,,,,
TGT,Target,19758766,,,,,,,,,,,,,,,,
TJX,The TJX Companies,31802000,,,,,,,,,,,,,,,,
TMO,Thermo Fisher Scientific,21234358,,,,,,,,,,,,,,,,
TMUS,T-Mobile US,22610659,,,,,,,,,,,,,,,,
TPR,Tapestry,12548591,,,,,,,,,,,,,,,,
TRMB,Trimble,13956821,,,,,,,,,,,,,,,,
TROW,T Rowe Price Group,17127330,,,,,,,,,,,,,,,,
TRV,The Travelers Companies,19853697,,,,,,,,,,,,,,,,
TSCO,Tractor Supply Company,11117251,,,,,,,,,,,,,,,,
TSLA,Tesla,0,,,,,,,,,,,,,,,,
TSN,Tyson Foods,8999444,,,,,,,,,,,,,,,,
TT,Trane Technologies,12888518,,,,,,,,,,,,,,,,
TTWO,Take-Two Interactive Software,138347,,,,,,,,,,,,,,,,
TXN,Texas Instruments orporated,19195411,,,,,,,,,,,,,,,,
TXT,Textron,18576014,,,,,,,,,,,,,,,,
TYL,Tyler Technologies,5590005,,,,,,,,,,,,,,,,
UAL,United Airlines Holdings,9845064,,,,,,,,,,,,,,,,
UDR,UDR,14228333,,,,,,,,,,,,,,,,
UHS,Universal Health Services,14020942,,,,,,,,,,,,,,,,
ULTA,Ulta Beauty,8539767,,,,,,,,,,,,,,,,
UNH,UnitedHealth Group orporated,18433143,,,,,,,,,,,,,,,,
UNP,Union Pacific,14523819,,,,,,,,,,,,,,,,
UPS,United Parcel Service,27620893,,,,,,,,,,,,,,,,
URI,United Rentals,12716100,,,,,,,,,,,,,,,,
USB,U S Bancorp,19166276,,,,,,,,,,,,,,,,
V,Visa,30944838,,,,,,,,,,,,,,,,
VFC,VF,15423154,,,,,,,,,,,,,,,,
VICI,VICI Properties,7662894,,,,,,,,,,,,,,,,
VLO,Valero Energy,22684706,,,,,,,,,,,,,,,,
VMC,Vulcan Materials Company,10774795,,,,,,,,,,,,,,,,
VRSK,Verisk Analytics,12796321,,,,,,,,,,,,,,,,
VRSN,VeriSign,10118313,,,,,,,,,,,,,,,,
VRTX,Vertex Pharmaceuticals orporated,15198856,,,,,,,,,,,,,,,,
VTR,Ventas,14263728,,,,,,,,,,,,,,,,
VTRS,Viatris,5472905,,,,,,,,,,,,,,,,
VZ,Verizon Communications,20342871,,,,,,,,,,,,,,,,
WAT,Waters,8653559,,,,,,,,,,,,,,,,
WBA,Walgreens Boots Alliance,28333498,,,,,,,,,,,,,,,,
WDC,Western Digital,17093364,,,,,,,,,,,,,,,,
WEC,WEC Energy Group,18481871,,,,,,,,,,,,,,,,
WELL,Welltower,12753710,,,,,,,,,,,,,,,,
WFC,Wells Fargo & Company,21350906,,,,,,,,,,,,,,,,
WHR,Weyerhaeuser Company,12715531,,,,,,,,,,,,,,,,
WM,Waste Management,13057363,,,,,,,,,,,,,,,,
WMB,The Williams Companies,13759533,,,,,,,,,,,,,,,,
WMB,Whirlpool,18751901,,,,,,,,,,,,,,,,
WMT,Walmart,25670673,,,,,,,,,,,,,,,,
WRB,W R Berkley,14147305,,,,,,,,,,,,,,,,
WRK,Westinghouse Air Brake Technologies,11027238,,,,,,,,,,,,,,,,
WST,West Pharmaceutical Services,9472757,,,,,,,,,,,,,,,,
WTW,Willis Towers Watson Public Limited Company,20337292,,,,,,,,,,,,,,,,
WY,WestRock Company,21189086,,,,,,,,,,,,,,,,
WYNN,Wynn Resorts Limited,12928747,,,,,,,,,,,,,,,,
XEL,Xcel Energy,8350364,,,,,,,,,,,,,,,,
XOM,Exxon Mobil,23572488,,,,,,,,,,,,,,,,
XRAY,DENTSPLY SIRONA,9251884,,,,,,,,,,,,,,,,
XYL,Xylem,10441670,,,,,,,,,,,,,,,,
YUM,Yum! Brands,27578659,,,,,,,,,,,,,,,,
ZBH,Zimmer Biomet Holdings,14981058,,,,,,,,,,,,,,,,
ZBRA,Zebra Technologies,13589616,,,,,,,,,,,,,,,,
ZION,Zions Bancorporation National Association,4656113,,,,,,,,,,,,,,,,
ZTS,Zoetis,13098491,,,,,,,,,,,,,,,,